name,size,river,background
image_254.png,"(608, 808)",223917,267347
image_99.png,"(608, 808)",224312,266952
image_241.png,"(608, 808)",221927,269337
image_16.png,"(608, 808)",216523,274741
image_237.png,"(608, 808)",202569,288695
image_95.png,"(608, 808)",216517,274747
image_264.png,"(608, 808)",219201,272063
image_291.png,"(608, 808)",210886,280378
image_305.png,"(608, 808)",214480,276784
image_3.png,"(608, 808)",218424,272840
image_239.png,"(608, 808)",217920,273344
image_297.png,"(608, 808)",212884,278380
image_243.png,"(608, 808)",224420,266844
image_84.png,"(608, 808)",232824,258440
image_280.png,"(608, 808)",219247,272017
image_251.png,"(608, 808)",215682,275582
image_290.png,"(608, 808)",220552,270712
image_304.png,"(608, 808)",210700,280564
image_270.png,"(608, 808)",216278,274986
image_61.png,"(608, 808)",267184,224080
image_42.png,"(608, 808)",260293,230971
image_43.png,"(608, 808)",269361,221903
image_31.png,"(608, 808)",248046,243218
image_69.png,"(608, 808)",235648,255616
image_79.png,"(608, 808)",248024,243240
image_51.png,"(608, 808)",300038,191226
image_229.png,"(608, 808)",209837,281427
image_64.png,"(608, 808)",250599,240665
image_63.png,"(608, 808)",246648,244616
image_54.png,"(608, 808)",265726,225538
image_272.png,"(608, 808)",211693,279571
image_247.png,"(608, 808)",220924,270340
image_34.png,"(608, 808)",278355,212909
image_22.png,"(608, 808)",274187,217077
image_92.png,"(608, 808)",227185,264079
image_250.png,"(608, 808)",215545,275719
image_235.png,"(608, 808)",220162,271102
image_78.png,"(608, 808)",235190,256074
image_98.png,"(608, 808)",213736,277528
image_55.png,"(608, 808)",290675,200589
image_58.png,"(608, 808)",271762,219502
image_10.png,"(608, 808)",227351,263913
image_81.png,"(608, 808)",233318,257946
image_40.png,"(608, 808)",253534,237730
image_284.png,"(608, 808)",228850,262414
image_96.png,"(608, 808)",229662,261602
image_253.png,"(608, 808)",214795,276469
image_53.png,"(608, 808)",295727,195537
image_90.png,"(608, 808)",210871,280393
image_87.png,"(608, 808)",225712,265552
image_83.png,"(608, 808)",228549,262715
image_236.png,"(608, 808)",208172,283092
image_2.png,"(608, 808)",222357,268907
image_103.png,"(608, 808)",218710,272554
image_275.png,"(608, 808)",212088,279176
image_106.png,"(608, 808)",216563,274701
image_93.png,"(608, 808)",225787,265477
image_94.png,"(608, 808)",233145,258119
image_276.png,"(608, 808)",210927,280337
image_24.png,"(608, 808)",271941,219323
image_7.png,"(608, 808)",214613,276651
image_13.png,"(608, 808)",225987,265277
image_35.png,"(608, 808)",275613,215651
image_27.png,"(608, 808)",269399,221865
image_268.png,"(608, 808)",220669,270595
image_11.png,"(608, 808)",220885,270379
image_282.png,"(608, 808)",207652,283612
image_240.png,"(608, 808)",223928,267336
image_76.png,"(608, 808)",238787,252477
image_283.png,"(608, 808)",221580,269684
image_1.png,"(608, 808)",217858,273406
image_238.png,"(608, 808)",219629,271635
image_9.png,"(608, 808)",238282,252982
image_303.png,"(608, 808)",212268,278996
image_5.png,"(608, 808)",226342,264922
image_244.png,"(608, 808)",219521,271743
image_44.png,"(608, 808)",245183,246081
image_33.png,"(608, 808)",212333,278931
image_242.png,"(608, 808)",213510,277754
image_59.png,"(608, 808)",261846,229418
image_266.png,"(608, 808)",218864,272400
image_301.png,"(608, 808)",227248,264016
image_269.png,"(608, 808)",222635,268629
image_50.png,"(608, 808)",271251,220013
image_23.png,"(608, 808)",249672,241592
image_21.png,"(608, 808)",267488,223776
image_68.png,"(608, 808)",238476,252788
image_287.png,"(608, 808)",222753,268511
image_25.png,"(608, 808)",263972,227292
image_97.png,"(608, 808)",218958,272306
image_91.png,"(608, 808)",233456,257808
image_249.png,"(608, 808)",219340,271924
image_277.png,"(608, 808)",211888,279376
image_227.png,"(608, 808)",230361,260903
image_267.png,"(608, 808)",212664,278600
image_294.png,"(608, 808)",222738,268526
image_49.png,"(608, 808)",240471,250793
image_299.png,"(608, 808)",222326,268938
image_279.png,"(608, 808)",217372,273892
image_14.png,"(608, 808)",220637,270627
image_67.png,"(608, 808)",237433,253831
image_278.png,"(608, 808)",208546,282718
image_86.png,"(608, 808)",229581,261683
image_298.png,"(608, 808)",220800,270464
image_100.png,"(608, 808)",230249,261015
image_248.png,"(608, 808)",213158,278106
image_289.png,"(608, 808)",223098,268166
image_273.png,"(608, 808)",217931,273333
image_80.png,"(608, 808)",222456,268808
image_263.png,"(608, 808)",220700,270564
image_105.png,"(608, 808)",215118,276146
image_70.png,"(608, 808)",234059,257205
image_232.png,"(608, 808)",201895,289369
image_46.png,"(608, 808)",233882,257382
image_89.png,"(608, 808)",225426,265838
image_288.png,"(608, 808)",225778,265486
image_6.png,"(608, 808)",218274,272990
image_15.png,"(608, 808)",219148,272116
image_12.png,"(608, 808)",237581,253683
image_256.png,"(608, 808)",221642,269622
image_41.png,"(608, 808)",260169,231095
image_274.png,"(608, 808)",217257,274007
image_85.png,"(608, 808)",230711,260553
image_28.png,"(608, 808)",261972,229292
image_302.png,"(608, 808)",223580,267684
image_4.png,"(608, 808)",227226,264038
image_73.png,"(608, 808)",241441,249823
image_37.png,"(608, 808)",317907,173357
image_285.png,"(608, 808)",224617,266647
image_293.png,"(608, 808)",220054,271210
image_38.png,"(608, 808)",303507,187757
image_18.png,"(608, 808)",243278,247986
image_246.png,"(608, 808)",222954,268310
image_66.png,"(608, 808)",242871,248393
image_258.png,"(608, 808)",215285,275979
image_52.png,"(608, 808)",299561,191703
image_296.png,"(608, 808)",201696,289568
image_71.png,"(608, 808)",234765,256499
image_29.png,"(608, 808)",231409,259855
image_271.png,"(608, 808)",215162,276102
image_20.png,"(608, 808)",264676,226588
image_107.png,"(608, 808)",234791,256473
image_26.png,"(608, 808)",266252,225012
image_286.png,"(608, 808)",228233,263031
image_255.png,"(608, 808)",212118,279146
image_32.png,"(608, 808)",233899,257365
image_17.png,"(608, 808)",208916,282348
image_104.png,"(608, 808)",221448,269816
image_56.png,"(608, 808)",277210,214054
image_230.png,"(608, 808)",221430,269834
image_88.png,"(608, 808)",223074,268190
image_257.png,"(608, 808)",216000,275264
image_300.png,"(608, 808)",218508,272756
image_225.png,"(608, 808)",232868,258396
image_82.png,"(608, 808)",224868,266396
image_39.png,"(608, 808)",248066,243198
image_292.png,"(608, 808)",216928,274336
image_30.png,"(608, 808)",249874,241390
image_226.png,"(608, 808)",230717,260547
image_281.png,"(608, 808)",211873,279391
image_101.png,"(608, 808)",222374,268890
image_228.png,"(608, 808)",215672,275592
image_77.png,"(608, 808)",240559,250705
image_0.png,"(608, 808)",221127,270137
image_231.png,"(608, 808)",209846,281418
image_265.png,"(608, 808)",211582,279682
image_102.png,"(608, 808)",220113,271151
image_8.png,"(608, 808)",217244,274020
image_72.png,"(608, 808)",231967,259297
image_36.png,"(608, 808)",303912,187352
image_262.png,"(608, 808)",216332,274932
image_75.png,"(608, 808)",228418,262846
image_295.png,"(608, 808)",219964,271300
image_45.png,"(608, 808)",235352,255912
image_19.png,"(608, 808)",257503,233761
image_62.png,"(608, 808)",251967,239297
image_65.png,"(608, 808)",255778,235486
image_60.png,"(608, 808)",271390,219874
image_252.png,"(608, 808)",212928,278336
image_47.png,"(608, 808)",252755,238509
image_57.png,"(608, 808)",284904,206360
image_261.png,"(608, 808)",218063,273201
image_259.png,"(608, 808)",215107,276157
image_245.png,"(608, 808)",214716,276548
image_74.png,"(608, 808)",230239,261025
image_233.png,"(608, 808)",219113,272151
image_260.png,"(608, 808)",215946,275318
image_48.png,"(608, 808)",240297,250967
image_234.png,"(608, 808)",213450,277814
